{
  "mean": [
    25.719389090177135,
    67.39519927536233
  ],
  "scale": [
    2.787999063370143,
    14.172492340837959
  ],
  "feature_names": [
    "temperature",
    "humidity"
  ],
  "window_size": 32,
  "threshold": 0.89
}